{
    "credit": "Made with Blockbench by yungwilder",
    "textures": {
        "0": "custom/yungwilder/hat_pack/bunny_ears",
        "particle": "custom/yungwilder/hat_pack/bunny_ears"
    },
    "elements": [
        {
            "from": [
                12,
                4,
                7
            ],
            "to": [
                13,
                8,
                9
            ],
            "faces": {
                "north": {
                    "uv": [
                        5,
                        7,
                        6,
                        11
                    ],
                    "texture": "#0",
                    "tintindex": 0
                },
                "east": {
                    "uv": [
                        3,
                        7,
                        5,
                        11
                    ],
                    "texture": "#0",
                    "tintindex": 0
                },
                "south": {
                    "uv": [
                        5,
                        7,
                        6,
                        11
                    ],
                    "texture": "#0",
                    "tintindex": 0
                },
                "west": {
                    "uv": [
                        3,
                        7,
                        5,
                        11
                    ],
                    "texture": "#0",
                    "tintindex": 0
                },
                "down": {
                    "uv": [
                        9,
                        7,
                        8,
                        9
                    ],
                    "texture": "#0",
                    "tintindex": 0
                }
            }
        },
        {
            "from": [
                3,
                8,
                7
            ],
            "to": [
                13,
                9,
                9
            ],
            "faces": {
                "north": {
                    "uv": [
                        0,
                        6,
                        10,
                        7
                    ],
                    "texture": "#0",
                    "tintindex": 0
                },
                "east": {
                    "uv": [
                        9,
                        2,
                        11,
                        3
                    ],
                    "texture": "#0",
                    "tintindex": 0
                },
                "south": {
                    "uv": [
                        0,
                        6,
                        10,
                        7
                    ],
                    "texture": "#0",
                    "tintindex": 0
                },
                "west": {
                    "uv": [
                        9,
                        2,
                        11,
                        3
                    ],
                    "texture": "#0",
                    "tintindex": 0
                },
                "up": {
                    "uv": [
                        10,
                        2,
                        0,
                        0
                    ],
                    "texture": "#0",
                    "tintindex": 0
                },
                "down": {
                    "uv": [
                        0,
                        0,
                        10,
                        2
                    ],
                    "texture": "#0",
                    "tintindex": 0
                }
            }
        },
        {
            "from": [
                9,
                9,
                8
            ],
            "to": [
                12,
                12,
                9
            ],
            "faces": {
                "north": {
                    "uv": [
                        6,
                        2,
                        9,
                        5
                    ],
                    "texture": "#0",
                    "tintindex": 0
                },
                "east": {
                    "uv": [
                        7,
                        7,
                        8,
                        10
                    ],
                    "texture": "#0",
                    "tintindex": 0
                },
                "south": {
                    "uv": [
                        0,
                        7,
                        3,
                        10
                    ],
                    "texture": "#0",
                    "tintindex": 0
                },
                "west": {
                    "uv": [
                        7,
                        7,
                        8,
                        10
                    ],
                    "texture": "#0",
                    "tintindex": 0
                }
            }
        },
        {
            "from": [
                9,
                11.65642,
                7.27269
            ],
            "to": [
                12,
                15.65642,
                8.27269
            ],
            "rotation": {
                "angle": -22.5,
                "axis": "x",
                "origin": [
                    8,
                    13.65642,
                    7.77269
                ]
            },
            "faces": {
                "north": {
                    "uv": [
                        0,
                        2,
                        3,
                        6
                    ],
                    "texture": "#0",
                    "tintindex": 0
                },
                "east": {
                    "uv": [
                        6,
                        7,
                        7,
                        11
                    ],
                    "texture": "#0",
                    "tintindex": 0
                },
                "south": {
                    "uv": [
                        3,
                        2,
                        6,
                        6
                    ],
                    "texture": "#0",
                    "tintindex": 0
                },
                "west": {
                    "uv": [
                        6,
                        7,
                        7,
                        11
                    ],
                    "texture": "#0",
                    "tintindex": 0
                },
                "up": {
                    "uv": [
                        9,
                        6,
                        6,
                        5
                    ],
                    "texture": "#0",
                    "tintindex": 0
                }
            }
        },
        {
            "from": [
                3,
                4,
                7
            ],
            "to": [
                4,
                8,
                9
            ],
            "rotation": {
                "angle": 0,
                "axis": "y",
                "origin": [
                    16,
                    0,
                    0
                ]
            },
            "faces": {
                "north": {
                    "uv": [
                        6,
                        7,
                        5,
                        11
                    ],
                    "texture": "#0",
                    "tintindex": 0
                },
                "east": {
                    "uv": [
                        5,
                        7,
                        3,
                        11
                    ],
                    "texture": "#0",
                    "tintindex": 0
                },
                "south": {
                    "uv": [
                        6,
                        7,
                        5,
                        11
                    ],
                    "texture": "#0",
                    "tintindex": 0
                },
                "west": {
                    "uv": [
                        5,
                        7,
                        3,
                        11
                    ],
                    "texture": "#0",
                    "tintindex": 0
                },
                "down": {
                    "uv": [
                        8,
                        7,
                        9,
                        9
                    ],
                    "texture": "#0",
                    "tintindex": 0
                }
            }
        },
        {
            "from": [
                4,
                9,
                8
            ],
            "to": [
                7,
                12,
                9
            ],
            "rotation": {
                "angle": 0,
                "axis": "y",
                "origin": [
                    16,
                    0,
                    0
                ]
            },
            "faces": {
                "north": {
                    "uv": [
                        9,
                        2,
                        6,
                        5
                    ],
                    "texture": "#0",
                    "tintindex": 0
                },
                "east": {
                    "uv": [
                        8,
                        7,
                        7,
                        10
                    ],
                    "texture": "#0",
                    "tintindex": 0
                },
                "south": {
                    "uv": [
                        3,
                        7,
                        0,
                        10
                    ],
                    "texture": "#0",
                    "tintindex": 0
                },
                "west": {
                    "uv": [
                        8,
                        7,
                        7,
                        10
                    ],
                    "texture": "#0",
                    "tintindex": 0
                }
            }
        },
        {
            "from": [
                4,
                11.65642,
                7.27269
            ],
            "to": [
                7,
                15.65642,
                8.27269
            ],
            "rotation": {
                "angle": -22.5,
                "axis": "x",
                "origin": [
                    8,
                    13.65642,
                    7.77269
                ]
            },
            "faces": {
                "north": {
                    "uv": [
                        3,
                        2,
                        0,
                        6
                    ],
                    "texture": "#0",
                    "tintindex": 0
                },
                "east": {
                    "uv": [
                        7,
                        7,
                        6,
                        11
                    ],
                    "texture": "#0",
                    "tintindex": 0
                },
                "south": {
                    "uv": [
                        6,
                        2,
                        3,
                        6
                    ],
                    "texture": "#0",
                    "tintindex": 0
                },
                "west": {
                    "uv": [
                        7,
                        7,
                        6,
                        11
                    ],
                    "texture": "#0",
                    "tintindex": 0
                },
                "up": {
                    "uv": [
                        6,
                        6,
                        9,
                        5
                    ],
                    "texture": "#0",
                    "tintindex": 0
                }
            }
        }
    ],
    "gui_light": "front",
    "display": {
        "thirdperson_righthand": {
            "rotation": [
                70,
                0,
                0
            ],
            "translation": [
                0,
                0.5,
                0
            ],
            "scale": [
                0.7,
                0.7,
                0.7
            ]
        },
        "thirdperson_lefthand": {
            "rotation": [
                70,
                0,
                0
            ],
            "translation": [
                0,
                0.5,
                0
            ],
            "scale": [
                0.7,
                0.7,
                0.7
            ]
        },
        "firstperson_righthand": {
            "rotation": [
                0,
                125,
                0
            ],
            "translation": [
                0,
                3,
                0
            ],
            "scale": [
                0.5,
                0.5,
                0.5
            ]
        },
        "firstperson_lefthand": {
            "rotation": [
                0,
                125,
                0
            ],
            "translation": [
                0,
                3,
                0
            ],
            "scale": [
                0.5,
                0.5,
                0.5
            ]
        },
        "ground": {
            "translation": [
                0,
                2,
                0
            ],
            "scale": [
                0.5,
                0.5,
                0.5
            ]
        },
        "gui": {
            "rotation": [
                15,
                -135,
                0
            ],
            "translation": [
                0,
                -1,
                0
            ]
        },
        "head": {
            "translation": [
                0,
                -30.0,
                0
            ],
            "scale": [
                1.5,
                1.5,
                1.5
            ]
        },
        "fixed": {
            "translation": [
                0,
                -2,
                -1
            ],
            "scale": [
                1.5,
                1.5,
                1.5
            ]
        }
    }
}