{
    "credit": "Made with Blockbench by yungwilder",
    "textures": {
        "0": "custom/yungwilder/hat_pack/halo_tint",
        "particle": "custom/yungwilder/hat_pack/halo_tint"
    },
    "elements": [
        {
            "from": [
                11,
                0,
                4
            ],
            "to": [
                12,
                2,
                12
            ],
            "faces": {
                "north": {
                    "uv": [
                        1,
                        5,
                        2,
                        7
                    ],
                    "texture": "#0",
                    "tintindex": 0
                },
                "east": {
                    "uv": [
                        0,
                        0,
                        8,
                        2
                    ],
                    "texture": "#0",
                    "tintindex": 0
                },
                "south": {
                    "uv": [
                        1,
                        5,
                        2,
                        7
                    ],
                    "texture": "#0",
                    "tintindex": 0
                },
                "west": {
                    "uv": [
                        8,
                        0,
                        0,
                        2
                    ],
                    "texture": "#0",
                    "tintindex": 0
                },
                "up": {
                    "uv": [
                        8,
                        1,
                        0,
                        0
                    ],
                    "rotation": 90,
                    "texture": "#0",
                    "tintindex": 0
                },
                "down": {
                    "uv": [
                        0,
                        4,
                        1,
                        12
                    ],
                    "texture": "#0",
                    "tintindex": 0
                }
            }
        },
        {
            "from": [
                4,
                0,
                4
            ],
            "to": [
                5,
                2,
                12
            ],
            "rotation": {
                "angle": 0,
                "axis": "y",
                "origin": [
                    16,
                    0,
                    0
                ]
            },
            "faces": {
                "north": {
                    "uv": [
                        2,
                        5,
                        1,
                        7
                    ],
                    "texture": "#0",
                    "tintindex": 0
                },
                "east": {
                    "uv": [
                        8,
                        0,
                        0,
                        2
                    ],
                    "texture": "#0",
                    "tintindex": 0
                },
                "south": {
                    "uv": [
                        2,
                        5,
                        1,
                        7
                    ],
                    "texture": "#0",
                    "tintindex": 0
                },
                "west": {
                    "uv": [
                        0,
                        0,
                        8,
                        2
                    ],
                    "texture": "#0",
                    "tintindex": 0
                },
                "up": {
                    "uv": [
                        0,
                        1,
                        8,
                        0
                    ],
                    "rotation": 90,
                    "texture": "#0",
                    "tintindex": 0
                },
                "down": {
                    "uv": [
                        1,
                        12,
                        0,
                        4
                    ],
                    "texture": "#0",
                    "tintindex": 0
                }
            }
        },
        {
            "from": [
                5,
                0,
                4
            ],
            "to": [
                11,
                2,
                5
            ],
            "faces": {
                "north": {
                    "uv": [
                        0,
                        2,
                        6,
                        4
                    ],
                    "texture": "#0",
                    "tintindex": 0
                },
                "south": {
                    "uv": [
                        6,
                        2,
                        0,
                        4
                    ],
                    "texture": "#0",
                    "tintindex": 0
                },
                "up": {
                    "uv": [
                        6,
                        3,
                        0,
                        2
                    ],
                    "texture": "#0",
                    "tintindex": 0
                },
                "down": {
                    "uv": [
                        7,
                        4,
                        1,
                        5
                    ],
                    "texture": "#0",
                    "tintindex": 0
                }
            }
        },
        {
            "from": [
                5,
                0,
                11
            ],
            "to": [
                11,
                2,
                12
            ],
            "rotation": {
                "angle": 0,
                "axis": "y",
                "origin": [
                    0,
                    0,
                    16
                ]
            },
            "faces": {
                "north": {
                    "uv": [
                        6,
                        2,
                        0,
                        4
                    ],
                    "texture": "#0",
                    "tintindex": 0
                },
                "south": {
                    "uv": [
                        0,
                        2,
                        6,
                        4
                    ],
                    "texture": "#0",
                    "tintindex": 0
                },
                "up": {
                    "uv": [
                        0,
                        2,
                        6,
                        3
                    ],
                    "texture": "#0",
                    "tintindex": 0
                },
                "down": {
                    "uv": [
                        1,
                        5,
                        7,
                        4
                    ],
                    "texture": "#0",
                    "tintindex": 0
                }
            }
        }
    ],
    "gui_light": "front",
    "display": {
        "thirdperson_righthand": {
            "translation": [
                0,
                5.5,
                0
            ],
            "scale": [
                0.7,
                0.7,
                0.7
            ]
        },
        "thirdperson_lefthand": {
            "translation": [
                0,
                5.5,
                0
            ],
            "scale": [
                0.7,
                0.7,
                0.7
            ]
        },
        "firstperson_righthand": {
            "rotation": [
                0,
                125,
                0
            ],
            "translation": [
                0,
                5.5,
                0
            ],
            "scale": [
                0.5,
                0.5,
                0.5
            ]
        },
        "firstperson_lefthand": {
            "rotation": [
                0,
                125,
                0
            ],
            "translation": [
                0,
                5.5,
                0
            ],
            "scale": [
                0.5,
                0.5,
                0.5
            ]
        },
        "ground": {
            "translation": [
                0,
                2,
                0
            ],
            "scale": [
                0.5,
                0.5,
                0.5
            ]
        },
        "gui": {
            "rotation": [
                15,
                -135,
                0
            ],
            "translation": [
                0,
                8,
                0
            ],
            "scale": [
                1.2,
                1.2,
                1.2
            ]
        },
        "head": {
            "translation": [
                0,
                -16,
                0
            ],
            "scale": [
                1.5,
                1.5,
                1.5
            ]
        },
        "fixed": {
            "translation": [
                0,
                11,
                0
            ],
            "scale": [
                1.5,
                1.5,
                1.5
            ]
        }
    }
}