{
    "credit": "Made with Blockbench by yungwilder",
    "texture_size": [
        32,
        32
    ],
    "textures": {
        "3": "custom/yungwilder/hat_pack/straw_hat"
    },
    "elements": [
        {
            "from": [
                1.5,
                5.5,
                1.5
            ],
            "to": [
                14.5,
                5.5,
                14.5
            ],
            "faces": {
                "north": {
                    "uv": [
                        0,
                        0,
                        6.5,
                        0
                    ],
                    "texture": "#3"
                },
                "east": {
                    "uv": [
                        0,
                        0,
                        6.5,
                        0
                    ],
                    "texture": "#3"
                },
                "south": {
                    "uv": [
                        0,
                        0,
                        6.5,
                        0
                    ],
                    "texture": "#3"
                },
                "west": {
                    "uv": [
                        0,
                        0,
                        6.5,
                        0
                    ],
                    "texture": "#3"
                },
                "up": {
                    "uv": [
                        6.5,
                        6.5,
                        0,
                        0
                    ],
                    "texture": "#3"
                },
                "down": {
                    "uv": [
                        6.5,
                        6.5,
                        0,
                        13
                    ],
                    "texture": "#3"
                }
            }
        },
        {
            "from": [
                3.5,
                5.5,
                3.5
            ],
            "to": [
                12.5,
                8.5,
                12.5
            ],
            "rotation": {
                "angle": 0,
                "axis": "y",
                "origin": [
                    -1,
                    0,
                    0
                ]
            },
            "faces": {
                "north": {
                    "uv": [
                        6.5,
                        4.5,
                        11,
                        6
                    ],
                    "texture": "#3"
                },
                "east": {
                    "uv": [
                        6.5,
                        6,
                        11,
                        7.5
                    ],
                    "texture": "#3"
                },
                "south": {
                    "uv": [
                        6.5,
                        7.5,
                        11,
                        9
                    ],
                    "texture": "#3"
                },
                "west": {
                    "uv": [
                        6.5,
                        9,
                        11,
                        10.5
                    ],
                    "texture": "#3"
                },
                "up": {
                    "uv": [
                        11,
                        4.5,
                        6.5,
                        0
                    ],
                    "texture": "#3"
                }
            }
        },
        {
            "from": [
                2.8823,
                8.42296,
                6.5
            ],
            "to": [
                4.8823,
                8.42296,
                8.5
            ],
            "rotation": {
                "angle": -22.5,
                "axis": "z",
                "origin": [
                    4.8823,
                    9.42296,
                    4.5
                ]
            },
            "faces": {
                "north": {
                    "uv": [
                        0,
                        0,
                        1,
                        0
                    ],
                    "texture": "#3"
                },
                "east": {
                    "uv": [
                        0,
                        0,
                        1,
                        0
                    ],
                    "texture": "#3"
                },
                "south": {
                    "uv": [
                        0,
                        0,
                        1,
                        0
                    ],
                    "texture": "#3"
                },
                "west": {
                    "uv": [
                        0,
                        0,
                        1,
                        0
                    ],
                    "texture": "#3"
                },
                "up": {
                    "uv": [
                        2,
                        0,
                        3,
                        1
                    ],
                    "texture": "#3"
                },
                "down": {
                    "uv": [
                        2,
                        1,
                        3,
                        0
                    ],
                    "texture": "#3"
                }
            }
        },
        {
            "from": [
                9.1177,
                8.42296,
                9.5
            ],
            "to": [
                11.1177,
                8.42296,
                11.5
            ],
            "rotation": {
                "angle": 22.5,
                "axis": "z",
                "origin": [
                    9.1177,
                    9.42296,
                    4.5
                ]
            },
            "faces": {
                "north": {
                    "uv": [
                        1,
                        0,
                        0,
                        0
                    ],
                    "texture": "#3"
                },
                "east": {
                    "uv": [
                        1,
                        0,
                        0,
                        0
                    ],
                    "texture": "#3"
                },
                "south": {
                    "uv": [
                        1,
                        0,
                        0,
                        0
                    ],
                    "texture": "#3"
                },
                "west": {
                    "uv": [
                        1,
                        0,
                        0,
                        0
                    ],
                    "texture": "#3"
                },
                "up": {
                    "uv": [
                        6,
                        0,
                        5,
                        1
                    ],
                    "texture": "#3"
                },
                "down": {
                    "uv": [
                        6,
                        1,
                        5,
                        0
                    ],
                    "texture": "#3"
                }
            }
        },
        {
            "from": [
                6.1177,
                8.42296,
                10.7354
            ],
            "to": [
                8.1177,
                8.42296,
                12.7354
            ],
            "rotation": {
                "angle": -22.5,
                "axis": "x",
                "origin": [
                    4.1177,
                    9.42296,
                    10.7354
                ]
            },
            "faces": {
                "north": {
                    "uv": [
                        0,
                        0,
                        1,
                        0
                    ],
                    "texture": "#3"
                },
                "east": {
                    "uv": [
                        0,
                        0,
                        1,
                        0
                    ],
                    "texture": "#3"
                },
                "south": {
                    "uv": [
                        0,
                        0,
                        1,
                        0
                    ],
                    "texture": "#3"
                },
                "west": {
                    "uv": [
                        0,
                        0,
                        1,
                        0
                    ],
                    "texture": "#3"
                },
                "up": {
                    "uv": [
                        0,
                        5.5,
                        1,
                        6.5
                    ],
                    "rotation": 270,
                    "texture": "#3"
                },
                "down": {
                    "uv": [
                        0,
                        6.5,
                        1,
                        5.5
                    ],
                    "rotation": 90,
                    "texture": "#3"
                }
            }
        },
        {
            "from": [
                9.1177,
                8.42296,
                4.5
            ],
            "to": [
                11.1177,
                8.42296,
                6.5
            ],
            "rotation": {
                "angle": 22.5,
                "axis": "x",
                "origin": [
                    4.1177,
                    9.42296,
                    6.5
                ]
            },
            "faces": {
                "north": {
                    "uv": [
                        1,
                        0,
                        0,
                        0
                    ],
                    "texture": "#3"
                },
                "east": {
                    "uv": [
                        1,
                        0,
                        0,
                        0
                    ],
                    "texture": "#3"
                },
                "south": {
                    "uv": [
                        1,
                        0,
                        0,
                        0
                    ],
                    "texture": "#3"
                },
                "west": {
                    "uv": [
                        1,
                        0,
                        0,
                        0
                    ],
                    "texture": "#3"
                },
                "up": {
                    "uv": [
                        6,
                        6.5,
                        5,
                        7.5
                    ],
                    "rotation": 270,
                    "texture": "#3"
                },
                "down": {
                    "uv": [
                        6,
                        7.5,
                        5,
                        6.5
                    ],
                    "rotation": 90,
                    "texture": "#3"
                }
            }
        }
    ],
    "gui_light": "front",
    "display": {
        "thirdperson_righthand": {
            "rotation": [
                60,
                0,
                0
            ],
            "translation": [
                0,
                4,
                0
            ],
            "scale": [
                0.5,
                0.5,
                0.5
            ]
        },
        "thirdperson_lefthand": {
            "rotation": [
                60,
                0,
                0
            ],
            "translation": [
                0,
                4,
                0
            ],
            "scale": [
                0.5,
                0.5,
                0.5
            ]
        },
        "firstperson_righthand": {
            "rotation": [
                0,
                115,
                0
            ],
            "translation": [
                0,
                3,
                0
            ],
            "scale": [
                0.4,
                0.4,
                0.4
            ]
        },
        "firstperson_lefthand": {
            "rotation": [
                0,
                115,
                0
            ],
            "translation": [
                0,
                3,
                0
            ],
            "scale": [
                0.4,
                0.4,
                0.4
            ]
        },
        "ground": {
            "scale": [
                0.35,
                0.35,
                0.35
            ]
        },
        "gui": {
            "rotation": [
                15,
                -145,
                0
            ],
            "scale": [
                0.8,
                0.8,
                0.8
            ]
        },
        "head": {
            "translation": [
                0,
                -29,
                1.5
            ],
            "scale": [
                1.7,
                1.7,
                1.7
            ],
            "rotation": [
                20,
                0,
                0
            ]
        },
        "fixed": {
            "rotation": [
                -90,
                0,
                0
            ],
            "translation": [
                0,
                0,
                -3
            ]
        }
    }
}