{
    "credit": "Made with Blockbench by yungwilder",
    "texture_size": [
        32,
        32
    ],
    "textures": {
        "0": "custom/yungwilder/hat_pack/unicorn_hat_tint",
        "particle": "custom/yungwilder/hat_pack/unicorn_hat_tint"
    },
    "elements": [
        {
            "from": [
                4,
                0,
                4
            ],
            "to": [
                12,
                7,
                12
            ],
            "faces": {
                "north": {
                    "uv": [
                        4,
                        0,
                        8,
                        3.5
                    ],
                    "texture": "#0",
                    "tintindex": 0
                },
                "east": {
                    "uv": [
                        4,
                        3.5,
                        8,
                        7
                    ],
                    "texture": "#0",
                    "tintindex": 0
                },
                "south": {
                    "uv": [
                        4,
                        7,
                        8,
                        10.5
                    ],
                    "texture": "#0",
                    "tintindex": 0
                },
                "west": {
                    "uv": [
                        8,
                        3.5,
                        4,
                        7
                    ],
                    "texture": "#0",
                    "tintindex": 0
                },
                "up": {
                    "uv": [
                        4,
                        4,
                        0,
                        0
                    ],
                    "texture": "#0",
                    "tintindex": 0
                },
                "down": {
                    "uv": [
                        4,
                        4,
                        0,
                        8
                    ],
                    "texture": "#0",
                    "tintindex": 0
                }
            }
        },
        {
            "from": [
                4,
                4,
                4
            ],
            "to": [
                12,
                6,
                4
            ],
            "faces": {
                "north": {
                    "uv": [
                        0,
                        13,
                        4,
                        14
                    ],
                    "texture": "#0"
                }
            }
        },
        {
            "from": [
                7,
                7,
                7
            ],
            "to": [
                9,
                8,
                13
            ],
            "faces": {
                "north": {
                    "uv": [
                        10,
                        2,
                        11,
                        2.5
                    ],
                    "texture": "#0"
                },
                "east": {
                    "uv": [
                        8,
                        8,
                        11,
                        8.5
                    ],
                    "texture": "#0"
                },
                "south": {
                    "uv": [
                        3,
                        10.5,
                        4,
                        11
                    ],
                    "texture": "#0"
                },
                "west": {
                    "uv": [
                        11,
                        8,
                        8,
                        8.5
                    ],
                    "texture": "#0"
                },
                "up": {
                    "uv": [
                        3,
                        11,
                        2,
                        8
                    ],
                    "texture": "#0"
                }
            }
        },
        {
            "from": [
                7,
                2,
                12
            ],
            "to": [
                9,
                7,
                13
            ],
            "faces": {
                "east": {
                    "uv": [
                        8.5,
                        10,
                        9,
                        12.5
                    ],
                    "texture": "#0"
                },
                "south": {
                    "uv": [
                        3,
                        8,
                        4,
                        10.5
                    ],
                    "texture": "#0"
                },
                "west": {
                    "uv": [
                        9,
                        10,
                        8.5,
                        12.5
                    ],
                    "texture": "#0"
                },
                "down": {
                    "uv": [
                        5,
                        10.5,
                        4,
                        11
                    ],
                    "texture": "#0"
                }
            }
        },
        {
            "from": [
                7,
                6.02269,
                1.35038
            ],
            "to": [
                9,
                9.02269,
                3.35038
            ],
            "rotation": {
                "angle": -45,
                "axis": "x",
                "origin": [
                    8,
                    9.02269,
                    3.35038
                ]
            },
            "faces": {
                "north": {
                    "uv": [
                        9,
                        6,
                        10,
                        7.5
                    ],
                    "texture": "#0"
                },
                "east": {
                    "uv": [
                        9,
                        8.5,
                        10,
                        10
                    ],
                    "texture": "#0"
                },
                "south": {
                    "uv": [
                        10,
                        0,
                        11,
                        1.5
                    ],
                    "texture": "#0"
                },
                "west": {
                    "uv": [
                        10,
                        6,
                        11,
                        7.5
                    ],
                    "texture": "#0"
                },
                "up": {
                    "uv": [
                        11,
                        9.5,
                        10,
                        8.5
                    ],
                    "texture": "#0"
                },
                "down": {
                    "uv": [
                        10,
                        10,
                        9,
                        11
                    ],
                    "texture": "#0"
                }
            }
        },
        {
            "from": [
                7.5,
                9.02269,
                1.85038
            ],
            "to": [
                8.5,
                12.02269,
                2.85038
            ],
            "rotation": {
                "angle": -45,
                "axis": "x",
                "origin": [
                    8,
                    9.02269,
                    3.35038
                ]
            },
            "faces": {
                "north": {
                    "uv": [
                        10,
                        9.5,
                        10.5,
                        11
                    ],
                    "texture": "#0"
                },
                "east": {
                    "uv": [
                        0,
                        10.5,
                        0.5,
                        12
                    ],
                    "texture": "#0"
                },
                "south": {
                    "uv": [
                        0.5,
                        10.5,
                        1,
                        12
                    ],
                    "texture": "#0"
                },
                "west": {
                    "uv": [
                        1,
                        10.5,
                        1.5,
                        12
                    ],
                    "texture": "#0"
                },
                "up": {
                    "uv": [
                        2,
                        11,
                        1.5,
                        10.5
                    ],
                    "texture": "#0"
                },
                "down": {
                    "uv": [
                        5.5,
                        10.5,
                        5,
                        11
                    ],
                    "texture": "#0"
                }
            }
        },
        {
            "from": [
                9.46107,
                5.61313,
                9.62132
            ],
            "to": [
                13.46107,
                10.61313,
                10.62132
            ],
            "rotation": {
                "angle": -22.5,
                "axis": "z",
                "origin": [
                    11.46107,
                    8.11313,
                    11.12132
                ]
            },
            "faces": {
                "north": {
                    "uv": [
                        0,
                        8,
                        2,
                        10.5
                    ],
                    "texture": "#0",
                    "tintindex": 0
                },
                "east": {
                    "uv": [
                        8,
                        10,
                        8.5,
                        12.5
                    ],
                    "texture": "#0",
                    "tintindex": 0
                },
                "south": {
                    "uv": [
                        8,
                        0,
                        10,
                        2.5
                    ],
                    "texture": "#0",
                    "tintindex": 0
                },
                "west": {
                    "uv": [
                        8,
                        10,
                        8.5,
                        12.5
                    ],
                    "texture": "#0",
                    "tintindex": 0
                },
                "up": {
                    "uv": [
                        11,
                        8,
                        9,
                        7.5
                    ],
                    "texture": "#0",
                    "tintindex": 0
                },
                "down": {
                    "uv": [
                        12,
                        1.5,
                        10,
                        2
                    ],
                    "texture": "#0",
                    "tintindex": 0
                }
            }
        },
        {
            "from": [
                2.53893,
                5.61313,
                9.62132
            ],
            "to": [
                6.53893,
                10.61313,
                10.62132
            ],
            "rotation": {
                "angle": 22.5,
                "axis": "z",
                "origin": [
                    4.53893,
                    8.11313,
                    11.12132
                ]
            },
            "faces": {
                "north": {
                    "uv": [
                        2,
                        8,
                        0,
                        10.5
                    ],
                    "texture": "#0",
                    "tintindex": 0
                },
                "east": {
                    "uv": [
                        8.5,
                        10,
                        8,
                        12.5
                    ],
                    "texture": "#0",
                    "tintindex": 0
                },
                "south": {
                    "uv": [
                        10,
                        0,
                        8,
                        2.5
                    ],
                    "texture": "#0",
                    "tintindex": 0
                },
                "west": {
                    "uv": [
                        8.5,
                        10,
                        8,
                        12.5
                    ],
                    "texture": "#0",
                    "tintindex": 0
                },
                "up": {
                    "uv": [
                        9,
                        8,
                        11,
                        7.5
                    ],
                    "texture": "#0",
                    "tintindex": 0
                },
                "down": {
                    "uv": [
                        10,
                        1.5,
                        12,
                        2
                    ],
                    "texture": "#0",
                    "tintindex": 0
                }
            }
        },
        {
            "from": [
                12,
                -4,
                7
            ],
            "to": [
                12,
                0,
                9
            ],
            "faces": {
                "north": {
                    "uv": [
                        0,
                        0,
                        0,
                        2
                    ],
                    "texture": "#0"
                },
                "east": {
                    "uv": [
                        8,
                        6,
                        9,
                        8
                    ],
                    "texture": "#0"
                },
                "south": {
                    "uv": [
                        0,
                        0,
                        0,
                        2
                    ],
                    "texture": "#0"
                },
                "west": {
                    "uv": [
                        9,
                        6,
                        8,
                        8
                    ],
                    "texture": "#0"
                },
                "up": {
                    "uv": [
                        0,
                        1,
                        0,
                        0
                    ],
                    "texture": "#0"
                },
                "down": {
                    "uv": [
                        0,
                        0,
                        0,
                        1
                    ],
                    "texture": "#0"
                }
            }
        },
        {
            "from": [
                12,
                0,
                7
            ],
            "to": [
                12,
                3,
                9
            ],
            "faces": {
                "east": {
                    "uv": [
                        2,
                        11,
                        3,
                        9.5
                    ],
                    "texture": "#0"
                }
            }
        },
        {
            "from": [
                4,
                0,
                7
            ],
            "to": [
                4,
                3,
                9
            ],
            "rotation": {
                "angle": 0,
                "axis": "y",
                "origin": [
                    16,
                    0,
                    0
                ]
            },
            "faces": {
                "west": {
                    "uv": [
                        3,
                        11,
                        2,
                        9.5
                    ],
                    "texture": "#0"
                }
            }
        },
        {
            "from": [
                4,
                -4,
                7
            ],
            "to": [
                4,
                0,
                9
            ],
            "rotation": {
                "angle": 0,
                "axis": "y",
                "origin": [
                    16,
                    0,
                    0
                ]
            },
            "faces": {
                "north": {
                    "uv": [
                        0,
                        0,
                        0,
                        2
                    ],
                    "texture": "#0"
                },
                "east": {
                    "uv": [
                        8,
                        6,
                        9,
                        8
                    ],
                    "texture": "#0"
                },
                "south": {
                    "uv": [
                        0,
                        0,
                        0,
                        2
                    ],
                    "texture": "#0"
                },
                "west": {
                    "uv": [
                        9,
                        6,
                        8,
                        8
                    ],
                    "texture": "#0"
                },
                "up": {
                    "uv": [
                        0,
                        1,
                        0,
                        0
                    ],
                    "texture": "#0"
                },
                "down": {
                    "uv": [
                        0,
                        0,
                        0,
                        1
                    ],
                    "texture": "#0"
                }
            }
        },
        {
            "from": [
                5,
                1,
                2
            ],
            "to": [
                11,
                4,
                4
            ],
            "faces": {
                "north": {
                    "uv": [
                        8,
                        2.5,
                        11,
                        4
                    ],
                    "texture": "#0"
                },
                "east": {
                    "uv": [
                        8,
                        8.5,
                        9,
                        10
                    ],
                    "texture": "#0"
                },
                "west": {
                    "uv": [
                        9,
                        8.5,
                        8,
                        10
                    ],
                    "texture": "#0"
                },
                "up": {
                    "uv": [
                        11,
                        5,
                        8,
                        4
                    ],
                    "texture": "#0"
                },
                "down": {
                    "uv": [
                        11,
                        5,
                        8,
                        6
                    ],
                    "texture": "#0"
                }
            }
        }
    ],
    "gui_light": "front",
    "display": {
        "thirdperson_righthand": {
            "rotation": [
                70,
                0,
                0
            ],
            "translation": [
                0,
                3,
                3
            ],
            "scale": [
                0.5,
                0.5,
                0.5
            ]
        },
        "thirdperson_lefthand": {
            "rotation": [
                70,
                0,
                0
            ],
            "translation": [
                0,
                3,
                3
            ],
            "scale": [
                0.5,
                0.5,
                0.5
            ]
        },
        "firstperson_righthand": {
            "rotation": [
                0,
                125,
                0
            ],
            "translation": [
                0,
                5.5,
                0
            ],
            "scale": [
                0.5,
                0.5,
                0.5
            ]
        },
        "firstperson_lefthand": {
            "rotation": [
                0,
                125,
                0
            ],
            "translation": [
                0,
                5.5,
                0
            ],
            "scale": [
                0.5,
                0.5,
                0.5
            ]
        },
        "ground": {
            "translation": [
                0,
                2,
                0
            ],
            "scale": [
                0.5,
                0.5,
                0.5
            ]
        },
        "gui": {
            "rotation": [
                15,
                -135,
                0
            ],
            "translation": [
                0,
                4,
                0
            ],
            "scale": [
                0.9,
                0.9,
                0.9
            ]
        },
        "head": {
            "translation": [
                0,
                -19,
                5
            ],
            "scale": [
                1.81,
                1.81,
                1.81
            ],
            "rotation": [
                20,
                0,
                0
            ]
        },
        "fixed": {
            "translation": [
                0,
                4,
                -4
            ],
            "scale": [
                1.5,
                1.5,
                1.5
            ]
        }
    }
}