{
  "parent": "minecraft:item/generated",
  "textures": {
    "layer0": "minecraft:item/leather_horse_armor"
  },
  "overrides": [
    { "predicate": { "custom_model_data": 1 }, "model": "custom/yungwilder/hat_pack/antenna_tint" },
	{ "predicate": { "custom_model_data": 2 }, "model": "custom/yungwilder/hat_pack/beanie_tint" },
	{ "predicate": { "custom_model_data": 3 }, "model": "custom/yungwilder/hat_pack/halo_tint" },
	{ "predicate": { "custom_model_data": 4 }, "model": "custom/yungwilder/hat_pack/kings_crown_tint" },
	{ "predicate": { "custom_model_data": 5 }, "model": "custom/yungwilder/hat_pack/unicorn_hat_tint" },
	{ "predicate": { "custom_model_data": 6 }, "model": "custom/yungwilder/hat_pack/wizard_hat_tint" }
  ]
}